SHS;Sociologie;Anthropologie;
SHS;Histoire;Archéologie;
SHS;Sociologie;Démographie;
SHS;Sociologie;Ethnologie;
SHS;Droit;Droit;
SHS;Économie;Économie;
SHS;Sociologie;Généalogie;
SHS;Géographie;
SHS;Géographie;Aménagement
SHS;Sociologie;Géopolitique;
SHS;Histoire;
SHS;Langues;Linguistique;
SHS;Musicologie;
SHS;Philosophie;
SHS;Sociologie;Politique;
SHS;Sociologie;tribologie
SHS;Sciences Cognitives;
SHS;Sciences Cognitives;Ergonomie
SHS;Sciences Cognitives;Neuroscience
SHS;Économie;Sciences De Gestion;
SHS;Économie;Sciences Économiques;
SHS;Lettres;Littératures Et Civilisations;
SHS;Géographie;Urbanisme;
SHS;Lettres;Lettres;
SHS;Droit;Droit Public;
SHS;Droit;Droit Privé;
SHS;Aménagement, Urbanisme;
SHS;Culture;Égyptologie
SHS;Culture;Pays Du Monde;
SHS;Culture;Mondes Arabe;
SHS;Lettres;Sociétés;
SHS;Langues;Études Latines;
SHS;Langues;
SHS;Lettres;Litterature
SHS;Arts;Arts Et Lettres;
SHS;Arts;Cinéma
SHS;Getion;;
SHS;Getion;Marketing;
SHS;Sociologie;Sciences Politiques;
SHS;Sciences De L'Information Et De La Communication;
SHS;Sciences De L'Information Et De La Communication;Sémiotique
SHS;Langues;Études Anglophones;
SHS;Sociologie;Science Politique;
SHS;Droit;Sciences Juridiques;
SHS;Géographie;Géographie Et Aménagement;
SHS;Arts;Arts Plastiques;
SHS;Lettres;Lettres Et Sciences Humaines;
SHS;Langues;;
SHS;Droit;Droit De L'Environnement;
SHS;Lettres;Civilisations Et Humanités;
SHS;Psychologie;
SHS;Relations Internationales;
SHS;Géographie;Geographie Et Aménagement De L'Espace;
SHS;Droit;Droit International De L'Environnement;
SHS;Droit;Droit International Public Et Privé;
SHS;Langues;Langue;
SHS;Langues;Espagnol
SHS;Langues;Anglais
SHS;Sciences De L'Information Et De La Communication;Information Et Bibliothéques;
SHS;Histoire;Préhistoire;
SHS;Sociologie;Social;
SHS;Économie;Economie Du Développement;
SHS;Histoire;Histoire Contemporaine;
SHS;Lettres;Imaginaire;
SHS;Lettres;Sciences Humaines;
SHS;Langues;Études;
SHS;Arts;Arts;
SHS;Arts;Esthétique;
SHS;Sociologie;Sciences Sociales;
TerreUniversMatiere;Astro;Astronomie;
TerreUniversMatiere;Astro;Astrophysique;
TerreUniversMatiere;Astro;Cosmologie;
TerreUniversMatiere;Astro;Planétologie
TerreUniversMatiere;Astro;Cosmochimie
TerreUniversMatiere;Chimie;
TerreUniversMatiere;Climat;Climatologie;
TerreUniversMatiere;Chimie;Cristallographie;
TerreUniversMatiere;Géoscience;Géologie;
TerreUniversMatiere;Physique;
TerreUniversMatiere;Physique;Matiere
TerreUniversMatiere;Physique;Nanophysique
TerreUniversMatiere;Géoscience;Matériaux;
TerreUniversMatiere;Physique;Surfaces, interface
TerreUniversMatiere;Climat;Météorologie;
TerreUniversMatiere;Climat;Paléoclimatologie
TerreUniversMatiere;Géoscience;Minéraux Et Roches;
TerreUniversMatiere;Géoscience;Volcanisme;
TerreUniversMatiere;Géoscience;Hydrodynamique
TerreUniversMatiere;Géoscience;Terre solide
TerreUniversMatiere;Géoscience;Volcanologie
TerreUniversMatiere;Géoscience;Hydroclimatologie
TerreUniversMatiere;Géoscience;Géologie, Matériaux, Minéraux;
TerreUniversMatiere;Géoscience;Géomatériaux
TerreUniversMatiere;Physique;Mécanique;
TerreUniversMatiere;Chimie;Chimie Des Matériaux;
TerreUniversMatiere;Chimie;Catalyse
TerreUniversMatiere;Hydroscience;Hydrogéologie;
TerreUniversMatiere;Hydroscience;Hydrosystème
TerreUniversMatiere;Physique;Acoustique;
TerreUniversMatiere;Physique;Laser
TerreUniversMatiere;Physique;Micro et nanosystèmes
TerreUniversMatiere;Physique;Electromagnétisme
TerreUniversMatiere;Géoscience;Géophysique;
TerreUniversMatiere;Géoscience;Palaeontology
TerreUniversMatiere;Géoscience;Géomorphologie
TerreUniversMatiere;Géoscience;Géolittomer
TerreUniversMatiere;Hydroscience;
TerreUniversMatiere;Hydroscience;Eaux Continentales
TerreUniversMatiere;Hydroscience;Hydrologie;
TerreUniversMatiere;Hydroscience;
TerreUniversMatiere;Hydroscience;Hydrogéochimie
TerreUniversMatiere;Géoscience;
TerreUniversMatiere;Géoscience;pédologie
TerreUniversMatiere;Géoscience;Géosciences Marines;
TerreUniversMatiere;Géoscience;géodynamique
TerreUniversMatiere;Géoscience;Glaciologie
TerreUniversMatiere;Géoscience;Géoscience;
TerreUniversMatiere;Géoscience;Sédimentologie
TerreUniversMatiere;Géoscience;Terres solides
TerreUniversMatiere;Géoscience;Atmosphère
TerreUniversMatiere;Géoscience;Sciences De La Terre;
TerreUniversMatiere;Hydroscience;Océan;
TerreUniversMatiere;Physique;Champs;
TerreUniversMatiere;Physique;Particule;
TerreUniversMatiere;Physique;Optique;
TerreUniversMatiere;Physique;Lasers;
TerreUniversMatiere;Chimie;Chimique;
TerreUniversMatiere;Chimie;électrochimie;
TerreUniversMatiere;Physique;Nanophysique
TerreUniversMatiere;Physique;Matière Condensée;
TerreUniversMatiere;Physique;Optique Marine Et Télédétection;
TerreUniversMatiere;Hydroscience;Océanologie;
TerreUniversMatiere;Hydroscience;Paléocéanographie;
TerreUniversMatiere;Hydroscience;océanographie;
TerreUniversMatiere;Chimie;Polymères;
VIE;Biochimie;
VIE;Biochimie;qualité des Bioproduits
VIE;Biologie;Bioelectronique
VIE;Biologie;Biologie Cellulaire Et Moléculaire;
VIE;Biologie;Botanique;
VIE;Biologie;Microbiologie;
VIE;Biologie;Origine Et Évolution Du Vivant;
VIE;Biologie;Ornithologie;
VIE;Biologie;Paléontologie;
VIE;Biologie;Zoologie;
VIE;Biologie;Physiologie
VIE;Biologie;Parasitaires pathogènes
VIE;Biologie;Sciences Biologiques Et Fondamentales Appliquées;
VIE;Environnement;Sciences Du Vivant;
VIE;Environnement;Géosciences Et Sciences De L'Environnement;
VIE;Environnement;
VIE;Environnement;Évolution
VIE;Environnement;Ecohydrologie
VIE;Environnement;Écoéthologie
VIE;Environnement;Agropédologie
VIE;Biologie;Biogéochimie;
VIE;Biologie;Sciences Biologiques;
VIE;Agrosystèmes;Science Du Sol;
VIE;Agrosystèmes;Sciences Du Sol;
VIE;Agrosystèmes;Agronomie;
VIE;Agrosystèmes;Oenologie
VIE;Agrosystèmes;Production Végétale;
VIE;Agrosystèmes;Sciences De L'Alimentation;
VIE;Agrosystèmes;Sciences Des Agroressources;
VIE;Agrosystèmes;Agroressource
VIE;Agrosystèmes;Science Des Aliments;
VIE;Agrosystèmes;Agrosystèmes;
VIE;Agrosystèmes;Agroalimentaire;
VIE;Biologie;Phytochimie
VIE;Biologie;Microbien;
VIE;Biologie;Biosphère;
VIE;Biologie;Algologie;
VIE;Biologie;Génomique
VIE;Biologie;Virologie
VIE;Médical;Médicales;
VIE;Médical;Santé;
VIE;Médical;Radio et hadron-thérapies;
VIE;Environnement;Écologie;
VIE;Biologie;Paléobiologie;
VIE;Biologie;Hydrobiologie;
VIE;Biologie;Biotechnologie;
VIE;Environnement;Écosystèmes;
VIE;Médical;Pharmacie;
VIE;Médical;Odontologie
VIE;Médical;Toxicologie 
VIE;Médical;Mycotoxicologie
VIE;Médical;Parasitologie
VIE;Médical;Physiopathologie
VIE;Environnement;Ecophysiologie;
VIE;Environnement;Agro-écologie
VIE;Agrosystèmes;Agronomie Et Agriculture;
VIE;Agrosystèmes;Sciences Agronomiques;
VIE;Environnement;Aquatique;
VIE;Biologie;Archéobotanique;
VIE;Médical;Écotoxicologie;
VIE;Agrosystèmes;Agrochimie;
VIE;Médical;Epidémiologie;
VIE;Médical;Immunologie
VIE;Médical;Biothérapie
VIE;Biologie;Entomologie
VIE;Médical;Pharmacotechniques;
VIE;Biologie;Bioactives;
VIE;Biologie;Génétique;
VIE;Biologie;Enzymologie
VIE;Agrosystèmes;Naturelle;
VIE;Médical;Pharmaceutique;
VIE;Médical;Médecine;
VIE;Biologie;Ichtyologie;
VIE;Médical;Mycologie
VIE;Médical;Pharmacologie;
VIE;Agrosystèmes;Halieutique
VIE;STAPS;
VIE;Agrosystèmes;Nutrition;
VIE;Médical;Pathologie Humaine;
VIE;Médical;Sciences Du Médicament;
VIE;Environnement;Sciences De La Vie;
VIE;Médical;Phytopathologie;
Formelles;Mathématiques;
Formelles;Mathématiques;Cryptologie;
Formelles;Mathématiques;Logique;
Formelles;Mathématiques;Géométrie;
Formelles;Mathématiques Appliquées;Probabilités Et Statistiques;
Formelles;Mathématiques Appliquées;
Formelles;Mathématiques Appliquées;Statistique
Formelles;Mathématiques Appliquées;Géostatistique
Formelles;Mathématiques Appliquées;Signal, image
Formelles;Physique Théorique;
Formelles;Mathématiques Appliquées;Mathématiques Appliquées Et Calcul Scientifique;
Formelles;Sciences Analytiques;
Formelles;Sciences Analytiques;Analyse Numérique;
Formelles;Sciences Analytiques;Automatique;
Formelles;Informatique;
Formelles;Productique;
Formelles;Informatique;STIC
Formelles;Informatique;Intelligence Artificielle
Formelles;Informatique;Traitement De L'Information;
TechnoScienceAppli;Electricité;Génie Électrique;
TechnoScienceAppli;Electricité;Electrotechnique
TechnoScienceAppli;Electricité;Microélectronique
TechnoScienceAppli;Astronautique;
TechnoScienceAppli;Electricité;Electricité Et Électronique;
TechnoScienceAppli;Electricité;Électrotechnique
TechnoScienceAppli;Industrie;
TechnoScienceAppli;Robotique;
TechnoScienceAppli;Télécommunications Et Internet;
TechnoScienceAppli;Transports;
TechnoScienceAppli;Technologie;
TechnoScienceAppli;Electricité;Électronique;
TechnoScienceAppli;Chimie Informatique Et Théorique;
TechnoScienceAppli;Mesure;Spectrochimie
TechnoScienceAppli;Mesure;Optoélectronique
TechnoScienceAppli;Mesure;Instrumentation
TechnoScienceAppli;Mesure;Spectrométrie;
TechnoScienceAppli;Mesure;Télédétection
TechnoScienceAppli;Mesure;Radiochimie
TRANSVERSE;Énergie;Énergie;
TRANSVERSE;Énergie;Combustion
TRANSVERSE;Sciences;Minéralogie Et Pétrologie;
TRANSVERSE;Sciences;Pétrophysique
TRANSVERSE;Sciences;Monde Maritime;
TRANSVERSE;Sciences;Montagne;
TRANSVERSE;Sciences;Aéronomie
TRANSVERSE;Énergie;Corrosion

TRANSVERSE;Sciences;Milieu Forestier;
TRANSVERSE;Sciences;Sciences Et Techniques;
TRANSVERSE;Ingéniérie;Ingénieur;
TRANSVERSE;Énergie;Transfert thermique;
TRANSVERSE;Ingéniérie;Génie Civil;
TRANSVERSE;Instrumentation Et Analyses Avancées;
TRANSVERSE;Sciences;Sciences Et Techniques De L'Environnement;
TRANSVERSE;Ingéniérie;Sciences Physiques Et De L'Ingénieur;
TRANSVERSE;Sciences;Sciences Du Bois;
TRANSVERSE;Sciences;Structure Et Dynamique Des Systèmes Réactifs;
TRANSVERSE;Énergie;Energétique;
TRANSVERSE;Traitement;géomatique

TRANSVERSE;Traitement;Bioinformatique
TRANSVERSE;Traitement;Spectroscopie
TRANSVERSE;Ingéniérie;Bioimagerie
TRANSVERSE;Traitement;bioscience
TRANSVERSE;Traitement;biostatistique
TRANSVERSE;Traitement;biomathématique
TRANSVERSE;Ingéniérie;biophysique
TRANSVERSE;Ingéniérie;biomécanique
TRANSVERSE;Ingéniérie;géochimie
TRANSVERSE;Traitement;
TRANSVERSE;Ingéniérie;Modélisation;
TRANSVERSE;Ingéniérie;Physicochimie
TRANSVERSE;Ingéniérie;Géotechnique
TRANSVERSE;Ingéniérie;Biophysicochimie
TRANSVERSE;Ingéniérie;Hydrogéophysique
TRANSVERSE;Ingéniérie;Geol. appl.
TRANSVERSE;Ingéniérie;Biomatériaux
TRANSVERSE;Ingéniérie;Bioingénierie
TRANSVERSE;Ingéniérie;Ingéniérie De L'Antipollution;
TRANSVERSE;Ingéniérie;Géologie De L'Ingénieur;
TRANSVERSE;Ingéniérie;Génie;
TRANSVERSE;Énergie;Énergétique;
TRANSVERSE;Chimie Industrielle Des Matériaux;
TRANSVERSE;Sciences;
TRANSVERSE;Sciences;Pétrologie
TRANSVERSE;Ingéniérie;Génie Des Procédés;
TRANSVERSE;Sciences;Architecture;
TRANSVERSE;Ingéniérie;Procédés;
TRANSVERSE;Sciences;Hydraulique;
TRANSVERSE;Sciences;Nanotechnologie;
TRANSVERSE;Sciences;Neuroimagerie;
TRANSVERSE;Sciences;Métallurgie;
TRANSVERSE;Ingéniérie;Géomécanique
